transaction_id,account_id,transaction_date,transaction_type,amount
1,10,2025-11-14,transfer,2136.1
2,71,2026-03-11,pix,-1272.35
3,70,2025-12-28,pix,2860.48
4,97,2025-08-02,debit_card,-751.6
5,63,2026-02-06,transfer,-538.14
6,52,2025-12-17,pix,-759.13
7,1,2026-01-23,transfer,-306.59
8,59,2026-01-09,credit_card,403.53
9,94,2025-05-22,withdrawal,1478.42
10,63,2025-11-09,debit_card,-645.46
11,28,2025-10-14,pix,1106.31
12,70,2025-11-20,pix,1865.89
13,8,2025-07-11,pix,1128.8
14,65,2025-07-18,withdrawal,-791.55
15,66,2026-03-26,pix,2331.04
16,9,2026-02-09,withdrawal,-1194.18
17,31,2025-08-10,transfer,-960.51
18,73,2026-02-28,debit_card,1105.14
19,6,2025-07-12,withdrawal,-1131.07
20,85,2026-01-23,withdrawal,1043.52
21,41,2026-02-08,credit_card,-580.83
22,92,2025-11-30,credit_card,-425.91
23,51,2025-09-21,debit_card,1522.61
24,39,2026-02-15,transfer,-77.2
25,97,2025-06-03,pix,-1458.08
26,80,2026-03-02,withdrawal,2982.43
27,10,2025-10-21,withdrawal,-540.81
28,34,2025-04-02,debit_card,2699.67
29,9,2026-03-17,debit_card,162.87
30,21,2025-04-22,transfer,2251.85
31,91,2026-01-13,credit_card,1252.55
32,84,2025-12-27,withdrawal,-1464.8
33,71,2025-03-30,credit_card,2692.9
34,14,2025-12-21,debit_card,-309.9
35,14,2026-03-16,deposit,989.51
36,35,2025-11-28,credit_card,1221.73
37,92,2025-05-02,credit_card,-583.81
38,82,2025-08-28,credit_card,774.34
39,33,2026-02-16,pix,-1084.66
40,55,2025-07-14,credit_card,-1301.61
41,43,2025-05-05,debit_card,1367.01
42,34,2025-12-25,debit_card,1835.54
43,71,2025-09-24,deposit,424.59
44,2,2025-06-04,pix,-1161.4
45,89,2025-07-13,debit_card,955.16
46,48,2025-04-09,withdrawal,986.36
47,56,2025-12-03,debit_card,-1311.77
48,47,2025-04-20,pix,2545.16
49,27,2025-11-10,deposit,-377.12
50,14,2025-10-19,credit_card,2010.52
51,53,2025-06-14,withdrawal,1872.65
52,31,2025-07-02,debit_card,2892.93
53,23,2025-08-10,transfer,-1388.46
54,95,2025-08-28,credit_card,2020.74
55,53,2025-04-30,deposit,2388.29
56,32,2025-12-18,credit_card,-783.61
57,90,2025-10-20,pix,221.44
58,5,2025-10-18,transfer,-499.05
59,59,2025-10-02,credit_card,-126.64
60,30,2026-03-06,debit_card,-1393.51
61,25,2025-10-17,transfer,-22.82
62,9,2025-12-15,credit_card,80.16
63,66,2025-07-27,transfer,1557.83
64,69,2025-05-16,credit_card,2726.57
65,15,2025-10-08,credit_card,-696.44
66,34,2025-09-18,pix,-1012.19
67,56,2025-05-15,credit_card,1778.45
68,41,2025-05-18,transfer,1227.94
69,66,2025-10-07,pix,233.38
70,74,2026-02-10,debit_card,-353.75
71,91,2025-05-04,transfer,-1492.39
72,69,2025-10-14,deposit,1737.43
73,95,2026-03-04,deposit,1517.83
74,47,2025-12-29,transfer,-1185.12
75,86,2026-03-12,credit_card,1304.2
76,85,2025-11-29,pix,1738.89
77,39,2025-05-01,withdrawal,-108.22
78,53,2025-12-22,credit_card,310.8
79,38,2025-05-30,withdrawal,-927.2
80,54,2026-01-29,deposit,2731.64
81,87,2025-07-29,deposit,2562.62
82,79,2025-03-27,withdrawal,-145.73
83,71,2025-10-31,pix,-132.56
84,27,2025-07-04,transfer,2035.91
85,78,2025-11-10,deposit,-49.88
86,57,2025-07-28,transfer,1540.32
87,66,2026-02-05,transfer,2071.81
88,95,2026-01-25,debit_card,1464.83
89,37,2025-09-15,withdrawal,1487.34
90,80,2025-07-04,credit_card,-1079.76
91,97,2026-03-04,debit_card,1527.58
92,29,2025-10-24,debit_card,-836.91
93,6,2026-02-10,debit_card,2927.71
94,79,2025-03-29,pix,549.37
95,81,2026-01-19,withdrawal,-625.04
96,90,2025-06-18,transfer,724.7
97,32,2026-03-19,debit_card,1452.26
98,1,2025-05-03,pix,2002.89
99,29,2025-06-12,debit_card,2118.49
100,90,2025-03-28,withdrawal,590.47
101,72,2025-05-31,debit_card,2628.62
102,16,2025-11-27,transfer,-899.97
103,60,2025-06-23,deposit,890.09
104,72,2026-03-10,withdrawal,-72.16
105,97,2025-05-28,transfer,1256.94
106,93,2025-04-09,withdrawal,420.33
107,71,2026-01-07,transfer,2537.44
108,96,2025-10-31,transfer,525.31
109,97,2025-06-21,debit_card,2279.38
110,36,2025-05-28,withdrawal,680.69
111,31,2026-02-02,credit_card,479.43
112,92,2026-02-07,credit_card,-444.78
113,43,2025-04-03,credit_card,2518.62
114,11,2025-11-09,debit_card,-821.26
115,50,2025-07-02,deposit,-812.38
116,28,2026-02-05,pix,366.91
117,43,2025-05-09,withdrawal,596.66
118,8,2025-09-21,debit_card,2248.01
119,50,2025-12-23,withdrawal,2757.28
120,3,2025-10-30,withdrawal,211.71
121,1,2025-09-15,credit_card,-156.24
122,50,2025-06-04,transfer,921.99
123,95,2025-07-26,withdrawal,2099.41
124,29,2026-01-13,transfer,-512.6
125,56,2025-08-24,transfer,-1369.39
126,44,2026-02-11,deposit,1556.14
127,52,2025-07-11,deposit,-757.3
128,60,2025-12-16,debit_card,2913.25
129,69,2025-04-03,pix,2581.18
130,76,2025-06-08,withdrawal,1483.5
131,11,2026-01-02,deposit,428.76
132,60,2025-12-27,debit_card,-1273.72
133,49,2025-12-02,credit_card,-547.53
134,42,2026-01-05,credit_card,1925.53
135,49,2025-08-03,credit_card,1884.04
136,54,2026-02-28,credit_card,2257.1
137,61,2025-10-02,pix,1870.61
138,7,2025-07-22,credit_card,-491.0
139,9,2025-09-03,deposit,-1318.84
140,4,2025-11-26,debit_card,-602.88
141,3,2025-07-06,withdrawal,-814.28
142,17,2025-12-27,transfer,1512.56
143,73,2025-11-12,debit_card,592.65
144,33,2026-03-11,credit_card,-744.95
145,78,2026-03-22,deposit,1732.61
146,100,2026-02-05,debit_card,2841.24
147,14,2026-03-27,withdrawal,-1384.45
148,40,2026-02-18,withdrawal,1548.06
149,49,2026-02-12,transfer,2736.62
150,26,2026-01-13,pix,1164.44
151,81,2025-11-22,debit_card,-1041.44
152,99,2025-09-18,credit_card,2326.32
153,77,2025-04-11,pix,2083.02
154,73,2025-12-02,pix,62.42
155,55,2025-07-05,deposit,167.57
156,65,2025-11-10,deposit,35.54
157,54,2025-06-27,transfer,-1025.08
158,47,2025-11-29,deposit,2512.09
159,59,2025-07-10,deposit,-811.54
160,23,2026-01-12,deposit,847.86
161,84,2025-11-19,credit_card,1271.61
162,69,2025-11-02,transfer,591.93
163,94,2025-11-22,withdrawal,-292.22
164,32,2026-01-16,pix,-244.82
165,58,2025-07-10,debit_card,1877.14
166,73,2025-11-01,withdrawal,1506.85
167,44,2026-02-18,pix,724.38
168,42,2025-10-17,debit_card,693.97
169,46,2026-02-22,credit_card,31.52
170,77,2025-06-11,deposit,2460.48
171,72,2025-05-05,pix,824.82
172,25,2026-01-12,pix,-413.9
173,53,2025-10-26,transfer,998.29
174,31,2025-10-18,deposit,642.42
175,92,2025-11-18,transfer,516.79
176,3,2025-05-27,pix,-175.94
177,52,2025-05-11,deposit,-405.13
178,85,2025-10-09,withdrawal,160.59
179,71,2025-09-25,withdrawal,46.91
180,96,2025-04-28,withdrawal,-11.44
181,90,2025-08-22,transfer,-280.88
182,33,2026-01-14,debit_card,-957.05
183,25,2025-07-10,credit_card,-962.0
184,69,2025-12-30,deposit,-666.83
185,28,2025-09-23,deposit,678.89
186,93,2025-08-12,withdrawal,2894.73
187,68,2025-07-15,withdrawal,-226.51
188,13,2025-05-16,debit_card,-166.89
189,47,2026-03-15,debit_card,-139.8
190,91,2025-09-25,withdrawal,-930.38
191,6,2026-01-04,pix,990.12
192,90,2025-08-26,debit_card,1370.41
193,97,2025-08-17,transfer,-1038.36
194,2,2026-03-13,withdrawal,-220.47
195,62,2025-07-06,transfer,33.18
196,7,2025-07-08,credit_card,2734.79
197,62,2026-01-22,pix,2199.52
198,52,2026-01-25,transfer,-1166.63
199,81,2025-05-14,deposit,-1258.76
200,20,2025-12-15,withdrawal,2771.07
201,11,2026-01-07,debit_card,-966.97
202,98,2026-01-28,transfer,1228.43
203,80,2025-09-15,debit_card,1990.62
204,49,2026-03-05,transfer,2588.27
205,39,2025-09-27,withdrawal,2955.14
206,40,2025-12-11,withdrawal,1294.62
207,79,2025-08-19,deposit,-1053.45
208,98,2026-02-11,debit_card,1314.82
209,34,2026-01-14,deposit,-1134.66
210,31,2025-03-29,debit_card,983.97
211,21,2025-05-22,pix,338.33
212,89,2025-09-09,withdrawal,614.61
213,5,2025-08-16,debit_card,-203.53
214,37,2025-06-03,deposit,2368.23
215,10,2025-05-30,deposit,-449.59
216,34,2026-03-05,deposit,1154.05
217,26,2025-11-08,transfer,-983.51
218,29,2025-07-28,deposit,-829.55
219,35,2025-09-08,debit_card,-1178.66
220,22,2025-04-09,credit_card,1177.7
221,73,2026-03-08,credit_card,476.19
222,60,2026-02-28,deposit,-131.59
223,52,2026-01-24,credit_card,752.12
224,64,2025-09-16,transfer,-1138.01
225,6,2025-11-07,transfer,1805.4
226,78,2025-06-03,credit_card,-1383.61
227,30,2025-04-05,deposit,2261.81
228,74,2025-07-04,withdrawal,2778.54
229,98,2026-02-10,deposit,2196.4
230,74,2025-06-27,pix,1933.99
231,23,2025-05-30,transfer,835.34
232,57,2025-04-06,credit_card,-683.3
233,75,2025-05-18,transfer,1356.53
234,63,2025-07-15,pix,615.05
235,53,2025-12-17,credit_card,-55.24
236,14,2025-08-02,debit_card,-15.88
237,89,2025-10-16,transfer,-203.02
238,52,2025-12-05,withdrawal,-1334.86
239,12,2025-05-30,credit_card,-364.21
240,15,2025-10-19,transfer,2392.1
241,1,2025-11-17,deposit,2412.15
242,60,2025-05-21,transfer,-1256.08
243,67,2026-03-21,credit_card,1301.85
244,64,2026-02-24,deposit,489.18
245,7,2025-10-08,debit_card,-298.25
246,17,2025-10-18,credit_card,471.52
247,90,2025-10-29,transfer,-953.58
248,81,2026-01-27,withdrawal,2096.91
249,91,2025-10-15,debit_card,-101.62
250,2,2025-07-14,withdrawal,335.96
251,29,2025-05-26,pix,576.52
252,16,2025-07-27,deposit,2244.64
253,64,2025-05-22,deposit,-186.62
254,91,2026-02-18,credit_card,369.71
255,62,2026-03-16,transfer,-403.21
256,71,2025-08-15,debit_card,226.14
257,77,2025-08-17,withdrawal,1858.32
258,18,2025-10-14,pix,-256.89
259,54,2026-03-25,credit_card,2704.12
260,65,2026-03-24,credit_card,2192.47
261,37,2026-02-27,deposit,-156.5
262,76,2025-06-03,withdrawal,2995.06
263,63,2025-06-17,debit_card,509.46
264,62,2026-03-07,credit_card,-4.02
265,98,2025-12-13,withdrawal,197.45
266,42,2025-11-04,debit_card,2913.49
267,31,2025-06-06,withdrawal,223.37
268,100,2025-07-20,transfer,-1303.59
269,96,2025-10-27,transfer,1673.53
270,49,2025-10-07,transfer,2947.86
271,84,2025-08-20,debit_card,728.98
272,5,2026-03-13,debit_card,760.31
273,76,2026-01-16,credit_card,2413.65
274,57,2025-07-17,pix,866.78
275,59,2025-06-30,pix,1751.0
276,53,2025-10-23,deposit,2864.81
277,10,2026-03-23,transfer,2016.86
278,34,2025-11-15,credit_card,1304.67
279,51,2026-03-15,deposit,-1138.58
280,43,2025-08-15,deposit,2367.04
281,49,2025-03-28,credit_card,1320.6
282,98,2025-12-23,transfer,2425.72
283,5,2025-10-24,withdrawal,-1192.11
284,81,2025-12-13,deposit,2644.18
285,30,2025-06-08,deposit,-1093.29
286,13,2025-05-30,deposit,1667.51
287,13,2025-11-30,transfer,-751.36
288,39,2025-11-07,pix,-1293.04
289,8,2025-06-23,credit_card,113.09
290,56,2025-06-20,debit_card,-401.11
291,53,2025-08-30,withdrawal,1568.1
292,24,2025-06-10,debit_card,-712.19
293,79,2025-05-15,transfer,1288.7
294,31,2026-03-24,transfer,2607.73
295,19,2025-09-12,debit_card,575.17
296,33,2025-04-22,transfer,-351.03
297,2,2025-04-25,transfer,2555.44
298,87,2025-09-27,withdrawal,-789.11
299,57,2025-06-24,credit_card,2944.43
300,39,2025-09-03,deposit,2829.13
301,89,2026-03-16,credit_card,555.76
302,39,2025-05-09,debit_card,2997.18
303,62,2025-08-09,pix,-432.57
304,74,2025-11-23,credit_card,1086.65
305,90,2025-05-31,credit_card,-1401.27
306,85,2026-01-26,transfer,-264.84
307,73,2025-07-16,deposit,2002.4
308,7,2025-12-13,withdrawal,1853.27
309,37,2025-07-03,debit_card,1231.79
310,46,2026-02-28,debit_card,1364.78
311,80,2026-02-09,credit_card,1549.94
312,93,2025-11-01,deposit,1563.85
313,18,2026-01-30,deposit,-1062.76
314,81,2026-02-17,deposit,-1322.6
315,57,2025-04-26,pix,1108.08
316,94,2025-04-19,debit_card,-1094.4
317,38,2025-07-01,credit_card,1863.66
318,23,2025-05-09,debit_card,-905.28
319,70,2025-05-18,credit_card,888.84
320,35,2025-11-28,debit_card,-343.63
321,62,2025-07-26,credit_card,1859.52
322,44,2025-10-17,pix,607.49
323,10,2025-12-12,debit_card,1893.68
324,29,2026-03-06,deposit,1758.98
325,51,2025-07-04,withdrawal,145.99
326,51,2025-08-18,pix,-309.94
327,16,2026-02-25,transfer,158.64
328,96,2026-02-16,deposit,-320.27
329,49,2025-11-23,deposit,2731.31
330,14,2025-07-06,deposit,-447.8
331,4,2025-04-20,withdrawal,2479.06
332,72,2025-07-09,credit_card,2618.65
333,29,2025-08-18,deposit,-1215.52
334,60,2026-02-05,deposit,-140.14
335,53,2025-04-29,pix,-871.0
336,5,2025-08-10,credit_card,2981.67
337,15,2025-06-30,pix,-443.4
338,69,2025-03-30,debit_card,248.91
339,48,2025-06-12,deposit,2772.21
340,90,2025-08-18,withdrawal,386.07
341,96,2025-11-02,deposit,-804.65
342,54,2025-10-22,deposit,-1054.4
343,63,2025-11-07,withdrawal,336.52
344,36,2026-02-23,pix,1606.26
345,28,2025-07-29,transfer,501.13
346,31,2026-02-11,credit_card,-1052.9
347,88,2025-08-30,credit_card,950.1
348,83,2025-09-09,credit_card,-1227.52
349,36,2025-12-12,debit_card,2856.93
350,59,2026-02-13,pix,1482.46
351,83,2025-10-09,deposit,1187.16
352,3,2025-09-13,pix,2040.58
353,32,2025-06-01,debit_card,2041.4
354,27,2026-01-23,pix,2234.18
355,71,2025-08-19,debit_card,1138.72
356,30,2025-12-31,credit_card,1984.66
357,77,2025-04-18,pix,-252.26
358,19,2025-12-23,debit_card,930.97
359,23,2026-03-24,pix,1474.76
360,4,2026-01-10,debit_card,-1433.13
361,31,2026-02-22,withdrawal,-43.03
362,23,2025-07-13,credit_card,-1264.2
363,95,2026-01-29,transfer,867.38
364,96,2026-01-13,pix,643.11
365,100,2025-06-17,credit_card,809.57
366,14,2025-11-26,transfer,767.27
367,79,2026-03-22,pix,1772.59
368,85,2025-03-27,withdrawal,-142.66
369,83,2025-06-08,pix,-1226.29
370,62,2026-01-05,transfer,418.23
371,14,2025-08-15,transfer,1705.81
372,57,2026-02-02,pix,2546.7
373,42,2026-02-17,withdrawal,-832.5
374,17,2025-06-04,credit_card,1309.43
375,75,2025-04-02,withdrawal,1704.69
376,49,2025-07-23,withdrawal,887.51
377,59,2025-10-15,withdrawal,1224.42
378,13,2025-11-27,deposit,-985.14
379,84,2026-01-24,deposit,2449.68
380,71,2025-12-12,deposit,2394.72
381,56,2025-12-28,transfer,2496.41
382,53,2025-05-24,credit_card,2223.39
383,52,2025-10-22,transfer,1783.26
384,41,2025-10-01,transfer,-93.64
385,33,2025-10-20,credit_card,2791.17
386,88,2025-11-21,transfer,-1197.9
387,11,2025-08-21,pix,443.44
388,96,2025-12-25,deposit,176.91
389,17,2025-10-17,withdrawal,-1230.09
390,72,2025-08-20,withdrawal,-16.59
391,16,2025-09-03,transfer,91.19
392,86,2025-08-21,transfer,2406.41
393,93,2026-03-01,pix,2857.79
394,77,2025-11-11,credit_card,82.41
395,74,2025-07-25,withdrawal,-542.68
396,85,2025-12-03,transfer,-490.9
397,14,2025-07-21,credit_card,2304.18
398,48,2025-11-21,pix,1931.73
399,74,2025-06-14,debit_card,2132.5
400,72,2026-03-18,withdrawal,1261.08
401,83,2025-07-14,withdrawal,-1381.86
402,85,2025-08-31,deposit,-296.49
403,24,2025-04-25,credit_card,1662.14
404,40,2025-08-23,credit_card,79.61
405,24,2026-01-19,debit_card,1048.44
406,52,2025-10-20,pix,-861.56
407,82,2025-11-06,pix,-1087.09
408,68,2025-07-25,debit_card,192.87
409,59,2025-07-17,credit_card,-791.66
410,40,2025-11-16,deposit,-40.28
411,73,2025-10-03,withdrawal,-1117.69
412,7,2025-09-17,debit_card,-791.66
413,80,2025-06-09,pix,1532.86
414,35,2025-09-13,transfer,1478.72
415,63,2025-06-27,withdrawal,489.2
416,35,2025-06-11,debit_card,1897.24
417,15,2025-05-15,credit_card,434.61
418,37,2026-03-15,deposit,1553.19
419,63,2025-10-10,withdrawal,1502.1
420,6,2025-05-31,debit_card,278.69
421,77,2025-08-22,pix,-1465.41
422,39,2025-12-01,debit_card,1953.07
423,98,2026-02-22,credit_card,-197.49
424,16,2025-05-11,pix,738.23
425,56,2025-12-14,debit_card,-918.66
426,69,2025-09-09,deposit,-464.5
427,72,2026-02-02,deposit,2127.9
428,10,2026-01-29,transfer,2377.94
429,6,2025-06-05,transfer,-1415.66
430,10,2026-01-07,credit_card,1090.92
431,74,2025-04-03,transfer,1692.75
432,54,2025-09-13,credit_card,-981.72
433,3,2026-01-11,credit_card,-726.57
434,80,2026-03-15,transfer,2244.12
435,47,2025-04-21,pix,465.2
436,14,2025-04-29,debit_card,460.54
437,52,2026-02-12,withdrawal,-1146.09
438,40,2026-02-06,deposit,27.81
439,43,2025-11-08,debit_card,-1156.29
440,82,2025-12-07,pix,887.72
441,25,2025-11-29,credit_card,79.95
442,83,2025-05-09,debit_card,-436.79
443,19,2025-10-02,credit_card,-612.28
444,78,2025-05-15,debit_card,1920.97
445,84,2025-09-15,pix,-702.84
446,99,2026-01-27,deposit,723.53
447,97,2026-01-29,withdrawal,1919.45
448,58,2025-11-17,deposit,2658.69
449,73,2026-01-15,deposit,1358.84
450,80,2025-04-27,credit_card,2389.11
451,81,2025-08-10,credit_card,-820.69
452,9,2025-12-05,transfer,489.94
453,39,2025-08-14,credit_card,1161.39
454,46,2025-12-16,withdrawal,-1166.14
455,60,2026-03-07,transfer,-1330.77
456,48,2025-11-06,credit_card,-1154.71
457,12,2026-02-13,withdrawal,1173.36
458,50,2025-07-18,transfer,1111.48
459,95,2025-12-10,pix,523.8
460,74,2025-05-23,deposit,-652.92
461,78,2026-01-06,transfer,756.15
462,8,2026-01-05,transfer,-1034.24
463,44,2025-09-16,deposit,-1120.52
464,83,2025-11-21,debit_card,-1323.86
465,91,2025-06-10,transfer,2959.44
466,68,2025-04-05,withdrawal,1244.12
467,47,2025-05-06,credit_card,2630.72
468,50,2025-07-21,transfer,1985.09
469,87,2025-09-27,withdrawal,-1264.36
470,81,2025-12-19,deposit,5.92
471,43,2025-04-18,pix,1010.83
472,50,2025-10-11,credit_card,-366.02
473,85,2025-10-13,withdrawal,2429.76
474,43,2025-06-17,pix,1122.33
475,19,2025-04-07,credit_card,-103.96
476,84,2026-02-01,deposit,1479.61
477,17,2025-07-08,withdrawal,1689.75
478,11,2025-04-22,credit_card,1015.15
479,83,2026-02-07,credit_card,2159.33
480,86,2025-07-07,deposit,2230.32
481,95,2025-06-21,deposit,2606.02
482,12,2025-11-22,deposit,1517.05
483,66,2025-06-03,credit_card,-1417.96
484,40,2026-01-09,debit_card,2780.26
485,44,2026-03-12,transfer,-635.98
486,18,2025-12-24,debit_card,-1152.76
487,13,2025-10-09,withdrawal,1968.94
488,95,2025-06-08,withdrawal,-1330.14
489,44,2025-12-08,withdrawal,-910.28
490,49,2025-10-03,debit_card,-769.89
491,89,2026-02-17,withdrawal,2140.7
492,22,2025-07-19,deposit,469.53
493,53,2026-03-18,credit_card,1543.63
494,31,2026-03-23,transfer,1247.68
495,97,2026-02-04,deposit,2027.1
496,30,2025-08-13,withdrawal,-423.74
497,61,2026-02-07,debit_card,155.28
498,74,2025-08-25,transfer,577.56
499,37,2025-07-02,transfer,763.08
500,54,2025-04-16,debit_card,2176.01
501,78,2025-12-17,debit_card,2428.51
502,7,2025-03-30,deposit,662.66
503,48,2025-04-14,withdrawal,2704.32
504,92,2025-09-06,withdrawal,2330.25
505,37,2026-01-25,pix,1934.03
506,35,2026-03-07,transfer,2573.88
507,19,2025-06-21,transfer,-1087.29
508,29,2025-06-22,transfer,2480.83
509,4,2025-08-06,transfer,-1260.34
510,65,2025-04-05,credit_card,-439.0
511,11,2025-05-05,credit_card,-489.58
512,41,2025-07-14,pix,2276.29
513,84,2025-07-29,credit_card,2061.21
514,18,2026-02-25,pix,-209.04
515,61,2026-01-31,deposit,2240.0
516,98,2025-05-24,deposit,611.0
517,79,2025-07-16,pix,2576.36
518,3,2026-02-11,credit_card,-529.55
519,20,2026-01-13,withdrawal,2731.02
520,78,2025-05-25,withdrawal,404.65
521,100,2025-04-02,credit_card,-430.62
522,16,2025-12-14,pix,-427.02
523,82,2025-08-14,withdrawal,557.01
524,15,2025-06-29,transfer,1185.33
525,3,2025-12-11,deposit,819.19
526,31,2025-07-28,deposit,-853.9
527,55,2025-09-21,pix,1266.64
528,31,2025-06-29,withdrawal,374.55
529,86,2026-01-11,deposit,-1114.74
530,47,2025-11-18,pix,2790.32
531,70,2026-01-29,withdrawal,2038.86
532,65,2025-04-18,withdrawal,-1408.5
533,61,2025-10-20,pix,1360.52
534,48,2026-01-21,credit_card,1862.92
535,46,2025-10-19,pix,51.61
536,94,2025-09-22,deposit,1327.16
537,99,2025-08-11,withdrawal,1808.34
538,43,2025-11-02,debit_card,-1300.49
539,70,2025-05-23,credit_card,2160.79
540,23,2025-12-11,deposit,590.8
541,90,2025-06-25,transfer,1342.81
542,18,2026-01-03,pix,1722.2
543,59,2025-06-02,pix,-179.51
544,6,2025-08-12,debit_card,2486.06
545,41,2025-10-05,credit_card,819.23
546,70,2025-07-27,transfer,-360.09
547,97,2025-12-31,deposit,-640.03
548,46,2025-12-26,pix,2396.09
549,43,2025-12-19,credit_card,-939.86
550,48,2025-05-23,transfer,2502.69
551,96,2025-08-25,transfer,2525.87
552,50,2025-11-02,credit_card,2881.76
553,64,2026-01-21,deposit,738.86
554,67,2025-05-20,credit_card,2105.17
555,94,2025-08-27,transfer,-1144.83
556,78,2025-06-06,debit_card,954.63
557,42,2025-10-18,pix,-1139.69
558,85,2025-10-23,credit_card,-120.77
559,78,2025-10-29,deposit,417.52
560,89,2025-05-11,transfer,81.96
561,6,2025-11-18,deposit,2415.17
562,46,2026-03-26,withdrawal,2991.68
563,36,2026-03-23,deposit,2910.12
564,8,2025-09-21,pix,1520.33
565,52,2025-09-25,credit_card,808.89
566,96,2025-11-05,deposit,-780.06
567,4,2025-11-07,debit_card,2319.01
568,87,2026-03-01,transfer,-1343.4
569,9,2025-04-13,debit_card,2003.32
570,47,2026-03-05,credit_card,222.84
571,73,2025-04-16,pix,1222.93
572,87,2025-06-01,transfer,2769.71
573,48,2025-06-03,transfer,1933.88
574,74,2025-10-03,debit_card,882.57
575,51,2025-12-13,credit_card,1423.02
576,32,2026-01-09,pix,-1383.39
577,24,2026-01-18,transfer,829.85
578,72,2026-02-12,pix,-322.0
579,34,2025-08-09,deposit,508.23
580,79,2025-07-11,credit_card,1622.91
581,63,2025-12-08,debit_card,-948.13
582,10,2025-09-08,transfer,-723.05
583,92,2026-03-20,transfer,2987.68
584,88,2025-08-06,credit_card,1505.28
585,91,2025-05-17,pix,974.99
586,38,2025-08-28,credit_card,2331.13
587,92,2025-04-12,deposit,2672.96
588,82,2025-07-22,debit_card,2071.63
589,66,2025-11-21,debit_card,-953.87
590,26,2025-10-19,debit_card,-434.69
591,64,2025-10-20,pix,124.03
592,74,2025-07-17,credit_card,603.33
593,71,2025-12-19,debit_card,1253.77
594,12,2025-09-27,pix,-108.19
595,92,2025-08-07,deposit,653.99
596,53,2025-06-09,transfer,2205.03
597,10,2025-06-29,debit_card,2875.71
598,83,2025-06-21,pix,524.89
599,88,2025-09-16,withdrawal,50.32
600,100,2025-12-05,withdrawal,1379.07
601,24,2025-04-20,debit_card,446.78
602,8,2025-09-01,pix,831.46
603,39,2025-05-23,debit_card,-771.15
604,91,2025-12-27,debit_card,57.1
605,67,2026-02-20,credit_card,2306.7
606,33,2025-12-23,debit_card,1357.76
607,71,2025-10-26,credit_card,-936.73
608,39,2025-07-06,withdrawal,900.65
609,65,2026-03-15,deposit,-741.14
610,75,2025-04-24,debit_card,-729.6
611,80,2025-11-30,deposit,2559.0
612,44,2025-06-21,withdrawal,-1314.63
613,4,2025-06-11,pix,-1295.42
614,83,2025-06-17,withdrawal,-309.05
615,27,2025-07-04,withdrawal,374.64
616,82,2026-01-17,pix,741.17
617,81,2025-12-16,withdrawal,-196.48
618,39,2025-07-12,transfer,-398.05
619,88,2025-10-25,transfer,-161.55
620,10,2025-07-08,deposit,-1230.39
621,57,2026-02-13,transfer,679.13
622,27,2025-06-27,credit_card,1229.97
623,41,2025-11-27,deposit,-63.08
624,45,2025-06-19,transfer,-911.55
625,48,2025-08-10,withdrawal,1027.43
626,41,2025-09-22,debit_card,599.13
627,35,2025-04-15,transfer,-384.37
628,13,2025-06-30,pix,-194.05
629,50,2025-04-06,withdrawal,381.61
630,21,2025-04-07,credit_card,2701.88
631,93,2025-04-03,credit_card,-645.75
632,21,2025-04-20,transfer,2981.86
633,60,2025-06-08,transfer,2455.84
634,64,2026-01-17,pix,-1094.78
635,51,2026-02-10,withdrawal,557.54
636,31,2025-04-15,debit_card,1125.05
637,7,2026-01-30,pix,-233.9
638,77,2025-07-12,deposit,1526.34
639,37,2025-06-13,withdrawal,-1463.2
640,14,2025-11-07,transfer,-897.29
641,34,2025-10-21,deposit,146.0
642,52,2026-03-02,credit_card,-1296.41
643,7,2026-03-14,withdrawal,1028.18
644,47,2026-01-05,withdrawal,-201.29
645,50,2025-12-03,withdrawal,526.59
646,71,2025-07-09,credit_card,2213.9
647,80,2025-07-20,deposit,1249.69
648,17,2026-01-28,pix,272.57
649,44,2025-04-20,withdrawal,2725.27
650,97,2025-09-04,debit_card,-604.24
651,66,2025-05-10,transfer,750.35
652,6,2026-02-25,pix,-883.34
653,43,2026-01-03,transfer,837.0
654,20,2025-10-08,withdrawal,2519.09
655,18,2026-01-07,credit_card,2691.16
656,41,2026-01-23,debit_card,268.3
657,79,2025-09-17,deposit,2291.71
658,76,2025-09-21,credit_card,782.92
659,66,2025-06-22,withdrawal,704.31
660,73,2025-06-19,credit_card,637.02
661,3,2025-12-07,credit_card,-9.42
662,15,2026-02-12,transfer,1126.66
663,93,2025-12-28,deposit,1331.67
664,77,2026-03-18,transfer,-305.11
665,84,2025-12-24,withdrawal,1099.35
666,93,2025-09-16,pix,1125.85
667,22,2025-09-06,withdrawal,1330.61
668,80,2025-03-28,transfer,-835.01
669,88,2025-04-30,debit_card,-1357.93
670,90,2025-12-15,pix,-641.47
671,57,2025-10-13,credit_card,384.51
672,53,2025-10-13,deposit,-582.49
673,65,2025-05-16,withdrawal,2642.34
674,95,2026-03-04,deposit,-1219.73
675,18,2026-03-01,withdrawal,-566.96
676,42,2025-12-20,deposit,652.67
677,49,2025-05-02,credit_card,2805.08
678,59,2025-04-24,withdrawal,40.47
679,46,2026-03-12,deposit,1973.95
680,93,2026-01-08,deposit,1394.89
681,89,2025-12-06,credit_card,1245.34
682,25,2026-03-21,debit_card,-244.47
683,39,2025-09-12,debit_card,2736.68
684,39,2025-09-09,credit_card,1672.05
685,89,2025-08-04,deposit,700.51
686,62,2026-01-15,credit_card,1022.19
687,93,2025-06-02,credit_card,-204.95
688,74,2025-05-24,deposit,944.36
689,51,2025-08-12,credit_card,2795.74
690,19,2026-03-25,credit_card,-1310.7
691,92,2025-09-08,pix,58.64
692,57,2025-08-26,deposit,-346.0
693,62,2025-07-31,debit_card,-590.69
694,69,2025-10-10,credit_card,2698.61
695,90,2025-07-28,credit_card,-882.27
696,79,2025-06-18,deposit,1140.74
697,32,2025-10-09,pix,1514.25
698,68,2025-11-07,debit_card,1370.75
699,7,2025-12-10,pix,359.86
700,92,2025-07-09,transfer,-1047.55
701,99,2025-12-27,debit_card,-1476.68
702,71,2026-03-04,debit_card,331.08
703,61,2025-05-09,transfer,1427.42
704,97,2025-04-07,credit_card,-54.75
705,83,2025-06-08,pix,2585.72
706,12,2026-01-08,deposit,1083.6
707,69,2025-04-06,deposit,1754.03
708,5,2026-02-24,debit_card,380.48
709,23,2025-07-25,pix,2987.27
710,51,2025-05-28,transfer,-661.6
711,96,2026-02-13,credit_card,2445.34
712,2,2025-05-24,credit_card,1055.83
713,14,2026-03-14,credit_card,-219.47
714,83,2025-06-28,withdrawal,859.43
715,18,2025-07-25,withdrawal,606.09
716,25,2025-12-15,pix,-11.92
717,94,2025-08-22,transfer,1417.28
718,92,2025-10-31,debit_card,-1436.62
719,44,2025-08-29,credit_card,1055.02
720,97,2025-11-25,debit_card,-710.27
721,82,2025-11-21,transfer,2221.45
722,66,2025-08-03,credit_card,-1109.68
723,86,2025-06-02,pix,-668.48
724,18,2025-05-31,transfer,-43.79
725,32,2025-07-15,pix,-326.47
726,31,2025-06-20,transfer,1891.9
727,43,2025-05-15,credit_card,1121.07
728,74,2025-04-25,pix,-323.01
729,47,2026-03-11,deposit,-436.64
730,86,2025-04-27,pix,594.28
731,21,2025-07-08,transfer,1587.33
732,91,2025-09-28,credit_card,1606.31
733,82,2025-12-12,credit_card,153.95
734,29,2025-08-23,debit_card,2808.12
735,62,2025-06-01,debit_card,547.4
736,78,2025-06-07,credit_card,371.31
737,71,2025-10-05,transfer,1908.08
738,86,2025-09-28,debit_card,1928.37
739,88,2025-07-28,withdrawal,2429.11
740,11,2025-11-22,withdrawal,510.37
741,91,2025-06-22,credit_card,-1148.54
742,73,2026-03-17,pix,-1222.09
743,71,2025-09-22,withdrawal,-590.29
744,69,2026-01-13,debit_card,-759.58
745,67,2025-09-25,transfer,-976.92
746,27,2025-03-29,deposit,1124.16
747,12,2025-11-30,withdrawal,504.67
748,8,2025-06-30,transfer,-906.25
749,54,2025-10-31,transfer,1037.6
750,72,2025-07-22,transfer,1527.45
751,40,2025-10-03,deposit,-1402.03
752,33,2025-04-13,pix,1856.12
753,75,2025-10-23,pix,-1296.2
754,45,2025-09-14,deposit,-1213.08
755,8,2026-01-30,pix,2937.62
756,61,2026-02-27,pix,-208.09
757,24,2026-01-25,debit_card,1946.22
758,94,2025-08-06,deposit,2837.02
759,48,2026-02-25,transfer,518.42
760,49,2025-09-19,transfer,-1138.88
761,85,2025-06-12,withdrawal,-901.55
762,45,2026-01-19,pix,-696.87
763,69,2025-12-23,transfer,879.79
764,94,2025-12-30,debit_card,2256.7
765,97,2025-08-24,pix,2903.21
766,60,2025-12-04,deposit,1735.92
767,55,2026-01-07,withdrawal,206.74
768,30,2025-12-09,debit_card,572.81
769,20,2026-03-01,credit_card,-651.84
770,93,2025-05-25,pix,-1355.02
771,85,2026-03-20,transfer,1267.15
772,3,2025-05-09,debit_card,-572.63
773,13,2026-01-18,withdrawal,-1348.91
774,77,2025-09-23,deposit,1664.79
775,7,2026-01-03,debit_card,1832.43
776,52,2025-06-27,transfer,-445.47
777,28,2025-07-27,pix,-869.39
778,38,2025-07-26,debit_card,2171.04
779,94,2025-07-17,withdrawal,-64.93
780,77,2025-09-06,deposit,2182.72
781,31,2026-01-11,credit_card,2443.16
782,85,2025-11-23,withdrawal,-505.31
783,39,2025-09-22,credit_card,-1225.69
784,76,2025-10-08,deposit,2602.1
785,81,2025-07-07,deposit,422.4
786,64,2025-04-17,pix,2875.31
787,83,2026-02-15,deposit,215.2
788,68,2025-08-13,credit_card,1633.39
789,53,2025-05-19,debit_card,-150.5
790,24,2025-08-06,withdrawal,630.83
791,29,2026-01-16,credit_card,2358.94
792,19,2025-04-21,transfer,2616.34
793,72,2025-04-26,transfer,2855.04
794,72,2025-12-10,withdrawal,-896.58
795,32,2026-02-17,credit_card,-584.98
796,83,2026-01-31,pix,2650.02
797,48,2025-04-28,pix,910.36
798,25,2025-06-14,pix,-291.92
799,87,2025-09-04,withdrawal,1213.15
800,10,2025-08-16,debit_card,2120.93
801,76,2025-04-26,deposit,1521.53
802,28,2025-05-03,transfer,-560.0
803,43,2025-10-28,credit_card,2806.59
804,2,2025-05-30,debit_card,2717.22
805,95,2025-06-16,pix,1860.96
806,97,2025-07-29,transfer,2614.99
807,90,2026-01-19,withdrawal,1666.96
808,51,2025-11-09,debit_card,984.36
809,100,2025-09-07,credit_card,212.98
810,69,2025-07-22,deposit,116.67
811,34,2025-06-18,credit_card,807.67
812,64,2026-03-05,transfer,-1056.26
813,93,2025-12-11,transfer,1927.33
814,41,2025-06-24,debit_card,168.17
815,53,2025-07-22,pix,1031.36
816,29,2025-12-16,deposit,-843.35
817,34,2025-10-15,withdrawal,2706.41
818,75,2025-04-14,deposit,379.1
819,20,2026-01-17,debit_card,-15.61
820,49,2026-02-04,withdrawal,2250.13
821,64,2026-02-06,withdrawal,1445.74
822,88,2025-12-09,credit_card,-342.03
823,63,2025-09-30,deposit,1387.63
824,63,2025-06-13,transfer,-742.95
825,46,2026-01-17,debit_card,-870.19
826,70,2025-09-11,transfer,-671.79
827,70,2025-05-20,deposit,2807.57
828,68,2026-01-05,pix,2275.81
829,10,2025-05-22,deposit,-1281.69
830,1,2025-05-19,transfer,-881.29
831,81,2025-05-19,debit_card,-1194.14
832,20,2026-01-12,pix,-515.76
833,59,2026-01-25,credit_card,-1227.97
834,82,2025-06-07,deposit,2702.57
835,62,2026-03-16,deposit,695.34
836,1,2025-05-20,withdrawal,982.4
837,2,2025-04-19,pix,882.38
838,36,2026-03-27,withdrawal,2898.66
839,3,2025-08-12,withdrawal,2159.21
840,87,2025-11-26,transfer,2127.75
841,23,2025-12-27,pix,2631.22
842,68,2025-08-08,debit_card,-415.64
843,80,2025-12-20,withdrawal,-364.12
844,46,2025-11-10,credit_card,2077.21
845,11,2025-11-08,credit_card,2816.84
846,59,2025-05-31,withdrawal,-405.56
847,90,2025-12-25,debit_card,-150.11
848,11,2025-07-21,deposit,2962.54
849,84,2026-03-11,pix,-1079.25
850,49,2026-01-16,transfer,987.16
851,8,2025-09-08,deposit,-1457.47
852,22,2025-05-01,pix,749.36
853,56,2025-11-11,deposit,2029.69
854,73,2025-08-14,pix,2526.56
855,6,2025-10-10,debit_card,-548.62
856,89,2025-05-08,withdrawal,639.75
857,6,2025-10-10,pix,1579.93
858,36,2025-10-22,withdrawal,1035.79
859,5,2026-01-16,debit_card,2679.45
860,41,2026-02-06,pix,2826.61
861,76,2025-11-12,debit_card,1885.15
862,92,2025-11-28,transfer,2679.94
863,39,2025-09-20,debit_card,1037.81
864,73,2025-11-27,transfer,1546.66
865,70,2026-01-23,credit_card,227.31
866,95,2026-01-11,debit_card,2057.24
867,89,2025-10-06,deposit,-1147.08
868,96,2026-01-26,credit_card,-1258.37
869,56,2025-10-12,debit_card,2274.04
870,44,2025-07-14,withdrawal,1960.53
871,77,2025-09-04,transfer,2860.14
872,42,2025-11-27,pix,1353.55
873,58,2025-06-07,transfer,-473.38
874,71,2025-12-20,transfer,443.32
875,88,2026-02-14,withdrawal,1473.02
876,11,2026-02-22,withdrawal,-170.79
877,32,2025-11-30,deposit,-1169.22
878,35,2025-04-12,debit_card,210.0
879,82,2025-09-20,debit_card,1828.45
880,41,2025-11-03,credit_card,-1020.52
881,1,2025-09-11,credit_card,501.31
882,98,2025-12-27,credit_card,-1039.96
883,12,2025-10-13,debit_card,439.41
884,72,2025-06-15,withdrawal,805.98
885,14,2025-08-24,pix,-1096.72
886,71,2025-04-11,pix,1186.16
887,42,2025-06-04,transfer,-1444.47
888,53,2025-07-17,transfer,2006.26
889,93,2025-04-03,withdrawal,2573.43
890,32,2026-01-10,withdrawal,844.97
891,88,2025-08-02,transfer,-737.24
892,35,2025-08-13,credit_card,-292.17
893,19,2026-01-06,pix,-747.57
894,36,2026-03-12,transfer,-151.11
895,10,2026-01-26,credit_card,-367.35
896,32,2025-09-09,deposit,1312.65
897,77,2025-04-28,withdrawal,-620.03
898,14,2025-10-24,debit_card,-129.04
899,51,2025-09-06,credit_card,2287.26
900,49,2025-04-28,credit_card,481.0
901,56,2026-01-29,deposit,2884.01
902,18,2026-03-22,credit_card,-57.01
903,89,2025-10-04,debit_card,655.54
904,23,2025-08-14,transfer,2859.26
905,38,2025-12-01,deposit,1627.31
906,63,2025-09-14,withdrawal,2018.88
907,42,2025-07-26,transfer,-238.65
908,51,2025-04-21,credit_card,-987.5
909,73,2025-08-21,debit_card,1165.02
910,70,2025-11-02,debit_card,1567.71
911,71,2025-07-20,pix,2788.52
912,60,2025-09-16,deposit,-556.58
913,38,2025-08-21,deposit,-1188.79
914,53,2026-03-01,deposit,746.86
915,82,2025-08-06,credit_card,-410.9
916,85,2026-01-08,debit_card,1718.56
917,49,2025-12-30,pix,520.8
918,77,2026-02-24,transfer,1120.1
919,69,2025-06-06,withdrawal,2655.73
920,89,2025-12-07,transfer,946.4
921,47,2025-10-08,deposit,2529.76
922,69,2025-10-27,withdrawal,1371.81
923,11,2025-08-02,pix,1960.29
924,85,2025-08-22,deposit,97.54
925,83,2025-11-05,withdrawal,-1300.66
926,83,2025-06-07,deposit,1410.35
927,97,2025-06-10,credit_card,2845.73
928,56,2025-07-05,pix,-1452.54
929,34,2025-03-30,debit_card,798.04
930,67,2025-08-08,withdrawal,1112.33
931,74,2025-04-22,debit_card,506.0
932,51,2026-01-21,transfer,1975.54
933,76,2025-04-03,deposit,752.1
934,45,2025-07-10,pix,672.47
935,38,2025-05-24,transfer,2642.46
936,11,2026-01-21,pix,2240.93
937,94,2025-10-12,debit_card,67.48
938,44,2025-03-31,transfer,2029.21
939,67,2025-09-26,transfer,67.35
940,13,2025-11-14,transfer,1748.97
941,58,2025-04-04,credit_card,-1197.72
942,6,2025-06-13,deposit,-982.12
943,44,2025-09-19,deposit,-1007.87
944,22,2025-05-22,deposit,-402.39
945,23,2025-07-02,withdrawal,-779.39
946,72,2025-06-02,transfer,2813.08
947,30,2025-09-09,transfer,1333.92
948,24,2025-07-23,deposit,1457.89
949,51,2025-06-02,pix,1818.25
950,26,2025-12-27,transfer,1164.91
951,50,2025-06-10,pix,1671.31
952,27,2025-10-11,credit_card,1885.46
953,9,2025-11-20,withdrawal,-1042.12
954,69,2025-08-10,debit_card,146.07
955,26,2025-10-20,transfer,-987.2
956,86,2025-04-10,transfer,874.72
957,82,2025-10-21,credit_card,1186.37
958,79,2026-03-23,transfer,1141.52
959,45,2025-04-10,credit_card,2304.83
960,80,2026-02-27,debit_card,2161.82
961,91,2025-05-21,credit_card,2634.07
962,76,2025-10-07,pix,1524.5
963,41,2025-08-12,pix,-426.42
964,15,2025-11-10,debit_card,179.88
965,19,2026-02-05,withdrawal,248.08
966,77,2025-09-11,debit_card,1086.63
967,55,2025-04-15,debit_card,690.02
968,69,2026-03-11,deposit,2636.22
969,23,2025-04-26,withdrawal,-749.11
970,37,2025-08-01,debit_card,-658.06
971,58,2026-02-03,withdrawal,-1258.75
972,46,2026-03-25,pix,680.74
973,25,2025-06-11,transfer,2837.23
974,65,2025-12-16,deposit,727.36
975,88,2025-10-23,transfer,370.34
976,57,2025-08-08,transfer,-747.36
977,73,2026-03-18,pix,2081.46
978,29,2025-09-16,credit_card,-1352.87
979,29,2025-08-04,withdrawal,-200.98
980,100,2025-10-28,transfer,1045.43
981,99,2025-10-30,transfer,973.77
982,15,2025-12-30,withdrawal,-986.07
983,100,2025-06-25,withdrawal,2204.77
984,47,2025-12-20,withdrawal,2201.75
985,6,2025-09-04,deposit,486.15
986,28,2026-02-28,transfer,-1039.13
987,84,2025-04-03,debit_card,-160.31
988,5,2025-10-29,transfer,-317.33
989,12,2025-05-23,transfer,2393.81
990,16,2025-07-25,debit_card,-555.55
991,95,2026-01-06,withdrawal,1601.1
992,91,2026-01-02,withdrawal,1347.47
993,22,2025-08-27,withdrawal,-873.44
994,27,2025-11-06,debit_card,2124.48
995,73,2025-05-13,credit_card,895.26
996,77,2025-10-04,withdrawal,-742.3
997,91,2026-01-20,credit_card,-198.0
998,35,2026-01-30,withdrawal,2934.7
999,87,2025-04-19,pix,-889.85
1000,97,2025-10-08,transfer,2634.46
